category,word
tech,smartphone
eighteen_plus,cigarette
eighteen_plus,romance
emotions,calm
places,garden
tech,router
places,church
places,hospital
eighteen_plus,romance
objects,bottle
places,stadium
food,yogurt
eighteen_plus,gambling
sports,wrestling
places,library
places,airport
fun,prank
emotions,tired
people,driver
objects,window
emotions,proud
tech,printer
places,market
food,potato
emotions,surprised
actions,catch
food,carrot
fun,joke
eighteen_plus,drunk
people,artist
eighteen_plus,affair
emotions,confused
fun,joke
animals,tiger
actions,jump
food,burger
actions,catch
animals,goat
emotions,anxious
food,chocolate
objects,window
animals,shark
food,apple
tech,smartphone
tech,robot
fun,karaoke
places,zoo
emotions,bored
people,dancer
emotions,jealous
sports,hockey
fun,prank
animals,horse
sports,baseball
places,museum
sports,hockey
eighteen_plus,gambling
sports,climbing
animals,chicken
tech,mouse
animals,shark
fun,clown
sports,skating
objects,book
actions,jump
sports,swimming
emotions,grateful
eighteen_plus,desire
animals,owl
tech,usb
food,steak
people,nurse
sports,cricket
sports,volleyball
fun,puzzle
actions,drive
objects,radio
animals,cat
people,musician
objects,laptop
objects,bottle
tech,robot
animals,elephant
tech,usb
food,yogurt
objects,radio
places,hotel
eighteen_plus,secret
actions,paint
places,garden
animals,cow
animals,snake
sports,boxing
sports,swimming
places,school
fun,circus
objects,mirror
animals,cat
objects,laptop
food,carrot
objects,clock
fun,puzzle
animals,dolphin
fun,karaoke
animals,fox
food,egg
people,scientist
fun,adventure
places,school
fun,trick
emotions,angry
actions,listen
actions,paint
places,tower
eighteen_plus,adult
sports,hockey
objects,camera
actions,catch
objects,watch
objects,table
actions,swim
sports,volleyball
objects,key
animals,wolf
fun,joke
places,hotel
fun,trick
sports,wrestling
people,politician
emotions,confused
fun,mystery
objects,bottle
places,hotel
objects,table
sports,wrestling
food,sushi
people,teacher
actions,listen
sports,boxing
objects,camera
actions,climb
sports,wrestling
eighteen_plus,drunk
places,bridge
emotions,confused
food,apple
animals,eagle
tech,hardware
fun,quiz
actions,dance
objects,laptop
people,student
food,yogurt
actions,write
tech,drone
tech,server
animals,lion
animals,elephant
eighteen_plus,fetish
objects,umbrella
sports,hockey
fun,dance
food,pizza
objects,chair
fun,joke
sports,cricket
tech,smartphone
sports,wrestling
sports,skiing
sports,hockey
places,museum
actions,run
objects,watch
food,carrot
animals,sheep
actions,listen
objects,wallet
sports,skiing
eighteen_plus,drunk
emotions,bored
food,onion
food,egg
tech,robot
animals,cat
emotions,lonely
sports,cycling
tech,tablet
people,politician
actions,cook
sports,basketball
fun,puzzle
places,beach
people,engineer
people,dancer
emotions,calm
fun,game
eighteen_plus,intimate
food,salad
sports,archery
actions,drive
animals,rabbit
animals,shark
sports,tennis
sports,rowing
eighteen_plus,stripclub
sports,boxing
places,hospital
fun,adventure
animals,fox
actions,laugh
actions,paint
animals,shark
animals,whale
sports,volleyball
tech,monitor
places,hospital
places,church
actions,read
food,banana
fun,joke
people,musician
people,actor
food,pizza
people,pilot
objects,lamp
emotions,anxious
emotions,tired
animals,snake
tech,mouse
objects,laptop
places,palace
sports,boxing
emotions,excited
objects,umbrella
animals,cat
places,garden
animals,goat
sports,archery
food,pizza
actions,read
fun,festival
food,sushi
fun,comedy
objects,lamp
people,dancer
eighteen_plus,hangover
tech,charger
fun,movie
sports,rowing
actions,sing
fun,magic
tech,hardware
eighteen_plus,hangover
objects,lamp
eighteen_plus,alcohol
eighteen_plus,alcohol
fun,prank
objects,key
fun,movie
actions,catch
eighteen_plus,seduce
emotions,bored
places,library
food,rice
places,station
eighteen_plus,secret
places,airport
emotions,relaxed
places,hospital
tech,computer
tech,microphone
objects,phone
eighteen_plus,desire
people,pilot
objects,door
tech,mouse
fun,costume
animals,rabbit
places,church
fun,comedy
eighteen_plus,seduce
eighteen_plus,nudity
tech,microphone
actions,climb
places,hotel
sports,climbing
eighteen_plus,cigarette
fun,dance
objects,glasses
emotions,happy
food,salad
tech,monitor
animals,goat
objects,wallet
food,cheese
tech,keyboard
animals,lion
eighteen_plus,flirt
tech,wifi
emotions,hopeful
objects,bottle
sports,golf
food,fish
places,library
actions,jump
animals,whale
sports,climbing
people,soldier
eighteen_plus,fetish
animals,horse
fun,quiz
food,egg
animals,fox
animals,wolf
food,burger
actions,cook
actions,dance
fun,prank
food,rice
tech,mouse
people,soldier
tech,router
places,church
people,writer
places,hotel
objects,book
actions,listen
fun,quiz
fun,festival
food,carrot
sports,archery
objects,lamp
places,palace
fun,festival
sports,hockey
emotions,proud
food,salad
people,nurse
tech,wifi
fun,adventure
animals,elephant
tech,speaker
tech,speaker
eighteen_plus,alcohol
actions,dance
emotions,nervous
objects,backpack
objects,glasses
eighteen_plus,cigarette
fun,karaoke
actions,listen
food,potato
fun,circus
tech,monitor
tech,monitor
people,politician
fun,quiz
places,museum
food,pasta
objects,door
emotions,anxious
fun,mystery
emotions,jealous
tech,wifi
people,actor
emotions,anxious
people,writer
animals,dog
people,musician
emotions,anxious
people,scientist
places,garden
fun,quiz
sports,cycling
eighteen_plus,flirt
animals,eagle
eighteen_plus,affair
animals,chicken
places,market
actions,run
people,doctor
people,dancer
tech,keyboard
people,dancer
eighteen_plus,alcohol
places,school
food,egg
emotions,excited
tech,server
food,salad
emotions,relaxed
sports,climbing
animals,shark
fun,joke
emotions,nervous
food,banana
places,beach
objects,chair
emotions,confused
sports,basketball
animals,owl
objects,umbrella
food,pasta
people,driver
sports,tennis
tech,monitor
actions,dance
eighteen_plus,lust
objects,umbrella
food,chocolate
places,palace
fun,quiz
animals,whale
food,burger
tech,drone
fun,trick
actions,write
emotions,sad
tech,computer
animals,horse
people,teacher
food,apple
animals,elephant
fun,circus
places,cinema
actions,talk
objects,door
eighteen_plus,hangover
food,pizza
tech,printer
people,engineer
tech,microphone
food,fish
emotions,scared
actions,fight
emotions,tired
tech,printer
animals,wolf
food,cheese
objects,umbrella
people,student
fun,movie
objects,laptop
people,engineer
places,market
places,hospital
eighteen_plus,drunk
places,library
tech,mouse
eighteen_plus,seduce
people,driver
places,cinema
people,manager
people,politician
sports,tennis
food,onion
emotions,surprised
people,writer
animals,fox
objects,phone
places,airport
emotions,lonely
animals,bear
objects,wallet
eighteen_plus,affair
eighteen_plus,seduce
animals,elephant
emotions,jealous
objects,door
emotions,bored
tech,monitor
places,cinema
emotions,scared
tech,printer
sports,boxing
actions,climb
eighteen_plus,condom
objects,watch
emotions,angry
people,soldier
tech,camera
actions,read
sports,hockey
emotions,happy
actions,paint
tech,monitor
food,tomato
places,beach
fun,mystery
eighteen_plus,secret
sports,football
objects,radio
objects,window
actions,fight
emotions,scared
objects,chair
emotions,anxious
fun,joke
people,chef
tech,computer
food,carrot
objects,clock
fun,joke
eighteen_plus,alcohol
sports,skiing
places,garden
tech,mouse
emotions,lonely
places,tower
fun,party
animals,snake
animals,sheep
animals,elephant
places,beach
eighteen_plus,secret
tech,charger
animals,cow
animals,snake
eighteen_plus,kiss
food,potato
people,teacher
tech,robot
fun,costume
places,school
places,market
people,actor
actions,sleep
emotions,calm
emotions,embarrassed
actions,run
objects,watch
animals,whale
animals,fox
fun,game
emotions,tired
eighteen_plus,gambling
objects,clock
food,sushi
food,bread
eighteen_plus,affair
tech,monitor
places,beach
fun,party
animals,eagle
emotions,embarrassed
places,cinema
animals,goat
fun,game
people,politician
animals,lion
actions,sing
objects,door
animals,dolphin
animals,tiger
objects,camera
actions,drive
animals,fox
eighteen_plus,condom
tech,printer
food,onion
actions,read
objects,book
actions,draw
sports,swimming
objects,table
food,burger
animals,rabbit
actions,catch
animals,goat
animals,whale
emotions,grateful
people,pilot
fun,mystery
objects,pen
sports,swimming
fun,festival
eighteen_plus,adult
objects,book
emotions,excited
objects,key
food,banana
animals,sheep
eighteen_plus,nudity
food,carrot
emotions,grateful
actions,listen
food,banana
eighteen_plus,cigarette
actions,jump
food,fish
tech,tablet
sports,fencing
objects,clock
animals,fox
people,artist
people,firefighter
eighteen_plus,alcohol
places,palace
fun,comedy
emotions,nervous
food,burger
tech,drone
food,onion
sports,basketball
animals,chicken
objects,laptop
people,chef
food,cheese
tech,camera
food,chocolate
tech,software
eighteen_plus,kiss
eighteen_plus,alcohol
places,garden
fun,prank
objects,watch
animals,dolphin
eighteen_plus,condom
people,doctor
food,potato
tech,charger
actions,catch
food,pepper
objects,camera
emotions,tired
eighteen_plus,seduce
fun,clown
emotions,sad
objects,chair
tech,battery
sports,basketball
fun,circus
emotions,lonely
objects,umbrella
people,politician
places,bridge
people,manager
food,steak
places,library
food,steak
tech,printer
places,church
emotions,calm
actions,read
actions,read
emotions,jealous
eighteen_plus,secret
sports,golf
animals,tiger
people,musician
food,salad
food,steak
places,stadium
fun,festival
animals,snake
fun,comedy
animals,dog
fun,puzzle
animals,owl
emotions,excited
fun,game
animals,rabbit
eighteen_plus,gambling
objects,wallet
animals,bear
actions,draw
food,rice
fun,circus
animals,bear
eighteen_plus,stripclub
emotions,hopeful
objects,chair
sports,skiing
actions,laugh
animals,elephant
actions,drive
eighteen_plus,alcohol
tech,robot
actions,jump
people,student
emotions,confused
sports,cricket
people,engineer
animals,horse
animals,tiger
actions,drive
places,park
fun,magic
eighteen_plus,secret
emotions,tired
places,restaurant
fun,show
animals,elephant
eighteen_plus,intimate
tech,wifi
tech,tablet
places,palace
eighteen_plus,nudity
places,hospital
animals,bear
tech,router
food,steak
actions,fight
emotions,embarrassed
actions,fight
objects,book
eighteen_plus,hangover
actions,listen
objects,door
animals,elephant
food,apple
sports,rugby
food,apple
sports,football
objects,mirror
emotions,embarrassed
tech,software
animals,wolf
actions,fight
sports,surfing
people,firefighter
fun,circus
eighteen_plus,flirt
eighteen_plus,affair
tech,monitor
animals,bear
sports,cycling
fun,movie
objects,window
actions,cook
actions,talk
emotions,relaxed
food,cheese
sports,archery
people,driver
emotions,nervous
animals,tiger
animals,horse
objects,chair
fun,festival
places,airport
objects,laptop
actions,catch
fun,quiz
tech,router
animals,lion
emotions,angry
actions,fight
tech,charger
tech,microphone
objects,mirror
sports,baseball
people,manager
sports,cricket
places,stadium
places,garden
food,cheese
actions,sing
places,museum
places,bridge
emotions,embarrassed
sports,archery
places,restaurant
people,scientist
fun,movie
emotions,proud
sports,football
animals,rabbit
places,palace
actions,run
eighteen_plus,flirt
food,bread
places,cafe
objects,key
animals,eagle
people,engineer
fun,show
eighteen_plus,lust
food,cheese
tech,usb
actions,listen
emotions,curious
places,cafe
fun,dance
places,stadium
fun,joke
fun,trick
objects,window
actions,sleep
actions,draw
fun,dance
people,writer
sports,archery
eighteen_plus,lust
actions,talk
tech,microphone
emotions,happy
actions,write
sports,basketball
sports,football
food,sushi
objects,umbrella
places,palace
fun,dance
emotions,proud
actions,listen
people,soldier
sports,golf
tech,server
fun,prank
actions,jump
sports,climbing
tech,robot
sports,golf
sports,boxing
fun,circus
emotions,curious
people,farmer
eighteen_plus,stripclub
sports,swimming
food,pasta
fun,circus
sports,hockey
sports,tennis
emotions,grateful
tech,hardware
food,salad
animals,cat
fun,joke
actions,draw
food,potato
eighteen_plus,stripclub
tech,smartphone
objects,chair
people,firefighter
eighteen_plus,secret
eighteen_plus,fetish
fun,karaoke
places,cafe
actions,read
actions,laugh
fun,movie
emotions,curious
food,egg
sports,swimming
food,pasta
people,lawyer
animals,rabbit
sports,cricket
tech,camera
places,beach
sports,surfing
eighteen_plus,affair
tech,usb
objects,table
sports,rowing
actions,drive
food,bread
places,bridge
emotions,curious
actions,catch
objects,book
emotions,relaxed
actions,walk
people,politician
tech,computer
places,market
actions,laugh
people,pilot
objects,camera
sports,hockey
places,cafe
fun,quiz
people,lawyer
emotions,anxious
places,restaurant
fun,dance
emotions,surprised
places,school
food,chocolate
tech,smartphone
objects,book
objects,phone
fun,puzzle
eighteen_plus,desire
emotions,happy
animals,wolf
actions,climb
eighteen_plus,cigarette
sports,cycling
eighteen_plus,romance
people,musician
tech,keyboard
objects,door
eighteen_plus,affair
objects,pen
people,teacher
places,garden
food,banana
objects,bottle
places,garden
people,nurse
sports,rugby
food,banana
animals,dog
fun,game
actions,swim
actions,sleep
places,bridge
actions,throw
people,lawyer
objects,laptop
animals,horse
animals,cat
places,tower
sports,hockey
food,tomato
tech,tablet
sports,volleyball
objects,book
emotions,hopeful
fun,dance
food,tomato
emotions,angry
sports,swimming
actions,listen
food,banana
animals,chicken
objects,clock
objects,lamp
eighteen_plus,seduce
people,soldier
tech,software
fun,game
places,restaurant
fun,karaoke
sports,tennis
people,doctor
objects,wallet
objects,table
sports,rugby
places,park
sports,rowing
food,bread
fun,mystery
animals,bear
actions,paint
actions,read
people,scientist
eighteen_plus,drunk
people,writer
eighteen_plus,kiss
animals,bear
actions,paint
objects,lamp
sports,cricket
sports,skiing
objects,pen
sports,fencing
eighteen_plus,condom
places,zoo
places,garden
animals,lion
places,station
people,scientist
food,sushi
fun,karaoke
tech,drone
actions,run
fun,puzzle
objects,bottle
fun,dance
actions,run
objects,wallet
objects,watch
eighteen_plus,fetish
emotions,lonely
eighteen_plus,romance
actions,dance
emotions,angry
animals,cow
animals,horse
emotions,bored
eighteen_plus,affair
fun,circus
objects,laptop
places,tower
animals,cow
tech,camera
fun,mystery
objects,radio
food,bread
fun,magic
sports,climbing
tech,microphone
food,fish
places,church
food,banana
people,teacher
sports,skiing
tech,printer
eighteen_plus,nudity
places,market
actions,cook
emotions,angry
tech,charger
people,manager
food,tomato
animals,elephant
people,politician
people,soldier
people,writer
tech,printer
tech,charger
sports,football
places,church
people,chef
eighteen_plus,romance
actions,talk
eighteen_plus,intimate
actions,paint
sports,basketball
emotions,hopeful
places,museum
sports,baseball
places,hospital
sports,basketball
food,potato
tech,keyboard
places,park
people,teacher
fun,adventure
sports,cricket
places,stadium
fun,costume
objects,backpack
eighteen_plus,flirt
sports,football
eighteen_plus,intimate
objects,glasses
places,airport
objects,pen
food,steak
animals,whale
actions,write
objects,window
actions,cook
emotions,lonely
eighteen_plus,desire
sports,basketball
emotions,surprised
food,pasta
eighteen_plus,flirt
places,museum
food,carrot
objects,lamp
food,tomato
emotions,proud
places,stadium
tech,smartphone
people,driver
eighteen_plus,nudity
actions,run
animals,eagle
food,pasta
actions,cook
people,firefighter
tech,charger
tech,router
people,doctor
animals,cow
emotions,scared
tech,charger
emotions,confused
animals,horse
emotions,lonely
actions,sing
people,teacher
people,lawyer
fun,festival
tech,keyboard
places,beach
people,farmer
actions,throw
animals,sheep
sports,archery
food,cheese
objects,door
emotions,nervous
food,carrot
eighteen_plus,adult
fun,comedy
places,school
actions,cook
emotions,curious
sports,swimming
eighteen_plus,fetish
sports,baseball
tech,microphone
food,pepper
animals,lion
actions,cook
fun,mystery
emotions,excited
actions,run
actions,run
actions,paint
eighteen_plus,kiss
food,egg
eighteen_plus,kiss
people,politician
places,beach
food,burger
fun,circus
places,church
sports,surfing
sports,climbing
places,park
places,station
emotions,confused
fun,karaoke
food,banana
animals,goat
eighteen_plus,kiss
tech,usb
fun,show
eighteen_plus,tattoo
eighteen_plus,tattoo
sports,skiing
tech,printer
actions,sing
people,nurse
emotions,scared
animals,eagle
animals,chicken
actions,throw
tech,printer
animals,shark
fun,movie
food,yogurt
emotions,lonely
sports,fencing
animals,dolphin
places,beach
objects,backpack
tech,tablet
food,pepper
fun,game
fun,puzzle
fun,show
actions,write
objects,clock
actions,walk
actions,swim
objects,mirror
food,tomato
actions,catch
objects,mirror
sports,climbing
people,artist
eighteen_plus,gambling
actions,throw
objects,wallet
animals,shark
food,banana
fun,clown
places,stadium
sports,golf
objects,wallet
food,rice
food,fish
eighteen_plus,hangover
places,school
actions,paint
animals,rabbit
actions,drive
sports,boxing
people,artist
tech,battery
emotions,lonely
objects,umbrella
animals,eagle
actions,talk
places,stadium
sports,cycling
animals,goat
fun,magic
tech,camera
objects,phone
places,church
animals,horse
emotions,lonely
eighteen_plus,condom
food,onion
places,market
eighteen_plus,seduce
emotions,grateful
emotions,angry
fun,prank
sports,basketball
people,actor
tech,keyboard
places,library
actions,throw
actions,fight
tech,robot
emotions,tired
emotions,calm
emotions,nervous
fun,dance
places,cafe
sports,rowing
objects,watch
animals,owl
emotions,surprised
places,tower
actions,talk
places,church
fun,festival
sports,hockey
people,teacher
people,pilot
actions,write
objects,pen
food,steak
people,actor
animals,horse
sports,wrestling
sports,tennis
places,hotel
actions,dance
sports,wrestling
places,palace
tech,server
fun,trick
sports,surfing
places,school
objects,table
emotions,bored
eighteen_plus,desire
animals,tiger
sports,golf
fun,trick
tech,software
people,chef
places,library
emotions,scared
actions,swim
fun,magic
objects,wallet
sports,boxing
food,apple
tech,computer
objects,pen
eighteen_plus,stripclub
sports,hockey
eighteen_plus,stripclub
eighteen_plus,drunk
tech,camera
actions,dance
food,chocolate
animals,lion
places,beach
sports,cycling
eighteen_plus,intimate
emotions,hopeful
sports,football
places,palace
sports,cycling
fun,show
tech,software
places,restaurant
actions,write
people,dancer
tech,printer
tech,tablet
actions,write
actions,walk
eighteen_plus,alcohol
animals,chicken
places,park
objects,glasses
actions,sing
emotions,nervous
emotions,tired
animals,snake
eighteen_plus,seduce
places,restaurant
food,carrot
actions,fight
tech,drone
emotions,scared
tech,camera
emotions,anxious
objects,clock
fun,puzzle
emotions,surprised
eighteen_plus,tattoo
places,cafe
places,garden
animals,wolf
food,pepper
fun,quiz
objects,bottle
people,politician
actions,read
fun,karaoke
actions,climb
objects,radio
emotions,excited
places,cinema
eighteen_plus,stripclub
fun,movie
actions,climb
eighteen_plus,tattoo
people,politician
fun,show
actions,read
people,doctor
tech,speaker
places,airport
places,museum
tech,battery
objects,door
places,restaurant
places,church
objects,watch
food,yogurt
tech,monitor
objects,phone
eighteen_plus,condom
eighteen_plus,affair
eighteen_plus,adult
objects,radio
emotions,tired
food,rice
people,politician
fun,clown
people,manager
emotions,scared
eighteen_plus,seduce
people,nurse
actions,laugh
actions,sleep
emotions,happy
emotions,grateful
fun,magic
fun,circus
sports,swimming
eighteen_plus,flirt
animals,cow
emotions,embarrassed
people,politician
places,hotel
objects,laptop
tech,camera
animals,cat
actions,swim
food,steak
animals,snake
tech,hardware
objects,phone
places,stadium
animals,dog
objects,pen
emotions,hopeful
fun,costume
emotions,hopeful
fun,game
objects,wallet
places,market
sports,basketball
places,library
tech,monitor
sports,fencing
sports,tennis
people,dancer
people,engineer
food,salad
sports,fencing
food,yogurt
actions,draw
animals,tiger
sports,wrestling
emotions,angry
tech,software
animals,shark
places,bridge
eighteen_plus,gambling
eighteen_plus,alcohol
actions,swim
fun,costume
objects,laptop
emotions,curious
people,dancer
eighteen_plus,seduce
places,park
eighteen_plus,secret
tech,monitor
emotions,hopeful
tech,wifi
objects,mirror
eighteen_plus,drunk
sports,skating
eighteen_plus,kiss
places,garden
tech,software
places,station
animals,wolf
places,garden
emotions,hopeful
emotions,bored
food,sushi
people,soldier
animals,lion
people,dancer
places,hospital
food,steak
fun,dance
actions,sleep
people,firefighter
people,scientist
sports,baseball
food,chocolate
eighteen_plus,drunk
tech,hardware
fun,costume
eighteen_plus,affair
places,garden
food,pizza
emotions,grateful
sports,climbing
eighteen_plus,drunk
fun,joke
animals,wolf
animals,tiger
actions,sleep
people,teacher
actions,draw
tech,monitor
eighteen_plus,condom
places,park
emotions,lonely
animals,sheep
places,restaurant
sports,tennis
people,writer
objects,phone
animals,rabbit
emotions,hopeful
people,manager
food,cheese
sports,boxing
eighteen_plus,nudity
tech,monitor
animals,wolf
eighteen_plus,fetish
fun,karaoke
fun,joke
actions,laugh
sports,volleyball
actions,paint
eighteen_plus,condom
eighteen_plus,nudity
sports,wrestling
eighteen_plus,adult
fun,prank
places,station
fun,movie
sports,archery
fun,karaoke
food,burger
objects,camera
food,rice
eighteen_plus,gambling
objects,wallet
tech,speaker
sports,volleyball
objects,lamp
food,sushi
emotions,lonely
people,actor
eighteen_plus,stripclub
people,nurse
people,driver
eighteen_plus,gambling
animals,owl
tech,wifi
sports,tennis
actions,draw
places,station
fun,puzzle
fun,circus
emotions,tired
objects,phone
places,market
actions,fight
emotions,calm
tech,hardware
tech,keyboard
animals,chicken
animals,goat
actions,walk
emotions,jealous
places,beach
animals,cat
eighteen_plus,desire
places,cinema
emotions,relaxed
animals,snake
sports,boxing
places,museum
actions,paint
emotions,bored
sports,basketball
sports,skating
places,zoo
sports,swimming
sports,archery
sports,wrestling
fun,clown
people,dancer
objects,table
people,teacher
places,zoo
actions,walk
tech,usb
people,driver
sports,swimming
food,chocolate
places,market
emotions,grateful
places,stadium
eighteen_plus,desire
fun,comedy
tech,battery
people,firefighter
emotions,curious
eighteen_plus,romance
objects,bottle
food,apple
sports,baseball
fun,circus
places,airport
tech,speaker
tech,keyboard
fun,clown
sports,rugby
animals,goat
emotions,embarrassed
tech,microphone
fun,circus
objects,radio
animals,dog
eighteen_plus,flirt
objects,wallet
eighteen_plus,hangover
emotions,nervous
actions,listen
people,soldier
places,hotel
animals,wolf
tech,mouse
eighteen_plus,gambling
places,school
sports,fencing
tech,drone
people,farmer
objects,window
places,cafe
people,dancer
places,hospital
people,engineer
objects,umbrella
animals,rabbit
people,soldier
food,pepper
fun,show
places,restaurant
people,nurse
eighteen_plus,fetish
people,actor
eighteen_plus,desire
animals,wolf
people,engineer
objects,bottle
animals,eagle
emotions,hopeful
people,student
tech,charger
emotions,proud
actions,run
people,musician
people,farmer
food,tomato
places,garden
places,hotel
eighteen_plus,stripclub
objects,window
animals,snake
objects,window
food,pizza
emotions,confused
tech,monitor
objects,window
people,politician
objects,book
actions,dance
places,church
people,soldier
fun,festival
objects,mirror
tech,monitor
objects,wallet
sports,climbing
food,rice
actions,sleep
animals,cat
eighteen_plus,fetish
emotions,calm
fun,circus
eighteen_plus,intimate
eighteen_plus,intimate
emotions,surprised
animals,goat
fun,quiz
objects,backpack
animals,whale
places,zoo
tech,wifi
emotions,surprised
people,musician
people,firefighter
people,writer
people,nurse
objects,clock
fun,circus
eighteen_plus,desire
objects,lamp
places,zoo
fun,magic
tech,tablet
tech,software
animals,shark
food,potato
sports,climbing
actions,sleep
tech,keyboard
places,cafe
animals,shark
people,lawyer
fun,circus
people,manager
emotions,grateful
people,engineer
fun,circus
emotions,proud
animals,owl
people,student
eighteen_plus,desire
tech,server
objects,umbrella
food,pizza
objects,pen
places,hotel
objects,laptop
eighteen_plus,tattoo
sports,surfing
objects,bottle
actions,swim
actions,dance
animals,horse
emotions,anxious
eighteen_plus,nudity
sports,climbing
objects,key
places,park
tech,camera
places,park
sports,archery
people,driver
actions,talk
actions,drive
emotions,curious
food,pasta
actions,paint
objects,glasses
emotions,grateful
emotions,angry
sports,rowing
eighteen_plus,intimate
emotions,surprised
people,student
emotions,jealous
objects,table
objects,chair
sports,cycling
sports,golf
places,restaurant
emotions,embarrassed
fun,dance
eighteen_plus,condom
eighteen_plus,flirt
emotions,sad
places,school
food,rice
actions,cook
places,cafe
fun,adventure
food,salad
eighteen_plus,adult
eighteen_plus,nudity
fun,clown
places,bridge
objects,camera
sports,basketball
emotions,curious
emotions,calm
food,fish
animals,dog
places,museum
eighteen_plus,fetish
places,zoo
sports,basketball
animals,bear
food,banana
emotions,hopeful
objects,lamp
people,teacher
fun,magic
people,dancer
objects,radio
fun,comedy
tech,printer
eighteen_plus,drunk
eighteen_plus,tattoo
tech,charger
objects,phone
actions,listen
tech,hardware
emotions,surprised
objects,clock
people,manager
sports,cricket
objects,pen
fun,mystery
actions,laugh
sports,wrestling
food,potato
emotions,proud
animals,rabbit
sports,baseball
fun,comedy
actions,paint
eighteen_plus,drunk
fun,costume
food,cheese
actions,run
sports,cycling
eighteen_plus,fetish
emotions,relaxed
eighteen_plus,stripclub
tech,usb
tech,computer
actions,climb
emotions,scared
objects,chair
animals,shark
fun,adventure
actions,write
actions,throw
eighteen_plus,intimate
actions,sleep
food,pepper
tech,camera
places,bridge
sports,rowing
emotions,calm
emotions,excited
objects,mirror
tech,computer
tech,keyboard
places,garden
tech,tablet
actions,laugh
eighteen_plus,secret
sports,basketball
places,library
places,palace
actions,run
tech,printer
actions,sing
objects,book
eighteen_plus,lust
food,fish
eighteen_plus,cigarette
emotions,relaxed
fun,circus
people,writer
emotions,happy
sports,golf
fun,magic
places,school
emotions,calm
eighteen_plus,romance
animals,whale
actions,throw
people,writer
sports,swimming
places,museum
people,firefighter
emotions,jealous
sports,golf
animals,dolphin
tech,microphone
emotions,embarrassed
people,pilot
sports,golf
fun,trick
actions,throw
animals,bear
eighteen_plus,flirt
emotions,relaxed
people,lawyer
actions,draw
tech,tablet
places,palace
objects,camera
animals,fox
food,rice
animals,shark
fun,karaoke
places,market
people,firefighter
fun,adventure
objects,table
objects,pen
fun,quiz
fun,prank
emotions,excited
sports,rugby
tech,speaker
fun,movie
tech,software
objects,table
emotions,embarrassed
objects,phone
actions,paint
actions,laugh
fun,clown
objects,lamp
sports,rugby
people,musician
food,rice
fun,circus
sports,skiing
people,dancer
actions,swim
actions,sleep
eighteen_plus,stripclub
objects,phone
tech,computer
places,cafe
sports,skating
people,dancer
animals,cat
emotions,hopeful
food,pizza
places,hospital
people,chef
people,actor
sports,skating
tech,robot
emotions,hopeful
objects,wallet
tech,hardware
actions,dance
objects,watch
actions,paint
objects,glasses
fun,prank
fun,karaoke
sports,golf
eighteen_plus,flirt
sports,basketball
emotions,relaxed
animals,goat
eighteen_plus,lust
eighteen_plus,cigarette
eighteen_plus,hangover
food,carrot
places,market
eighteen_plus,adult
eighteen_plus,alcohol
emotions,relaxed
objects,bottle
emotions,embarrassed
animals,fox
people,student
places,cinema
emotions,relaxed
food,apple
animals,whale
eighteen_plus,tattoo
tech,mouse
fun,comedy
animals,elephant
food,pepper
objects,radio
fun,dance
emotions,relaxed
actions,draw
eighteen_plus,adult
sports,volleyball
objects,clock
sports,archery
people,student
food,rice
fun,trick
eighteen_plus,condom
actions,run
sports,football
fun,magic
objects,book
sports,skating
sports,rugby
food,tomato
people,chef
emotions,confused
actions,drive
emotions,confused
eighteen_plus,hangover
emotions,bored
objects,chair
fun,circus
sports,hockey
tech,speaker
eighteen_plus,lust
fun,circus
animals,fox
eighteen_plus,adult
emotions,curious
animals,rabbit
places,zoo
emotions,lonely
emotions,happy
fun,show
objects,chair
objects,phone
emotions,happy
animals,rabbit
places,cinema
actions,sleep
animals,eagle
food,bread
tech,server
places,bridge
objects,camera
food,bread
animals,horse
emotions,lonely
actions,laugh
people,student
sports,skating
emotions,nervous
people,artist
tech,hardware
objects,radio
sports,basketball
people,student
food,egg
sports,boxing
fun,quiz
actions,read
sports,fencing
food,pepper
places,school
emotions,grateful
eighteen_plus,flirt
emotions,hopeful
food,yogurt
emotions,surprised
emotions,calm
actions,talk
actions,sleep
tech,camera
tech,computer
food,onion
objects,pen
emotions,proud
actions,sleep
actions,swim
eighteen_plus,secret
objects,clock
eighteen_plus,intimate
people,dancer
actions,jump
actions,drive
sports,surfing
objects,lamp
emotions,embarrassed
places,cinema
objects,table
emotions,scared
people,musician
fun,karaoke
eighteen_plus,alcohol
food,potato
emotions,confused
tech,usb
animals,bear
places,garden
sports,cricket
animals,shark
objects,glasses
fun,clown
people,soldier
tech,charger
tech,router
food,fish
places,station
food,burger
objects,camera
objects,book
emotions,surprised
people,nurse
people,writer
fun,prank
actions,catch
eighteen_plus,hangover
places,park
places,hotel
food,pizza
emotions,lonely
fun,clown
sports,skiing
actions,dance
animals,chicken
actions,throw
emotions,bored
objects,backpack
emotions,happy
objects,clock
tech,robot
people,teacher
actions,draw
actions,swim
people,doctor
objects,laptop
tech,charger
eighteen_plus,fetish
sports,boxing
food,yogurt
tech,mouse
people,teacher
animals,fox
food,pasta
fun,adventure
eighteen_plus,tattoo
people,dancer
people,pilot
people,firefighter
animals,sheep
actions,write
sports,skating
places,zoo
places,school
places,museum
animals,dog
actions,write
tech,smartphone
fun,circus
emotions,lonely
food,burger
animals,lion
fun,mystery
tech,charger
tech,printer
emotions,tired
food,fish
people,soldier
actions,fight
fun,mystery
tech,computer
fun,show
places,cafe
emotions,jealous
people,actor
tech,speaker
actions,fight
food,pizza
tech,usb
actions,write
places,zoo
places,zoo
fun,clown
people,farmer
food,bread
food,apple
animals,dog
food,sushi
sports,hockey
objects,watch
actions,read
emotions,embarrassed
emotions,bored
food,pasta
emotions,anxious
actions,paint
places,museum
fun,dance
people,student
fun,adventure
objects,umbrella
food,yogurt
places,palace
animals,goat
places,library
sports,cycling
objects,backpack
actions,draw
people,dancer
animals,lion
emotions,curious
sports,cricket
places,airport
objects,key
tech,microphone
actions,throw
places,museum
places,stadium
places,cinema
tech,tablet
places,park
animals,shark
tech,microphone
fun,mystery
objects,lamp
fun,magic
tech,router
animals,eagle
actions,fight
emotions,surprised
tech,wifi
emotions,happy
fun,clown
food,salad
sports,volleyball
food,egg
fun,dance
people,soldier
objects,bottle
tech,monitor
actions,talk
sports,cycling
places,garden
food,salad
places,airport
emotions,anxious
places,cinema
eighteen_plus,gambling
fun,prank
emotions,proud
actions,listen
people,soldier
places,cafe
places,tower
sports,skiing
places,bridge
objects,phone
fun,circus
food,bread
places,palace
fun,quiz
fun,magic
objects,glasses
people,engineer
people,pilot
emotions,sad
fun,circus
emotions,surprised
objects,phone
people,student
sports,football
sports,swimming
animals,whale
fun,mystery
places,library
food,rice
actions,sing
fun,game
eighteen_plus,affair
food,tomato
people,writer
emotions,sad
people,lawyer
sports,volleyball
actions,dance
tech,smartphone
eighteen_plus,gambling
tech,wifi
actions,drive
people,scientist
emotions,surprised
food,pizza
sports,skating
places,hotel
tech,router
food,rice
emotions,proud
food,carrot
animals,bear
people,engineer
fun,magic
fun,circus
food,chocolate
tech,router
emotions,scared
tech,wifi
eighteen_plus,intimate
people,politician
fun,circus
eighteen_plus,flirt
fun,puzzle
emotions,scared
emotions,proud
emotions,bored
eighteen_plus,adult
places,church
food,burger
actions,swim
eighteen_plus,intimate
actions,laugh
animals,fox
sports,wrestling
emotions,curious
animals,sheep
places,hotel
objects,wallet
animals,shark
places,church
tech,battery
actions,sing
eighteen_plus,fetish
food,banana
animals,horse
objects,lamp
food,egg
food,steak
places,market
eighteen_plus,nudity
emotions,calm
actions,catch
actions,talk
sports,skiing
emotions,happy
people,artist
people,soldier
food,fish
tech,usb
tech,mouse
emotions,proud
places,airport
emotions,anxious
people,actor
places,restaurant
actions,walk
eighteen_plus,adult
animals,horse
people,driver
food,pasta
fun,mystery
actions,walk
food,bread
fun,magic
eighteen_plus,nudity
animals,rabbit
actions,catch
animals,goat
people,artist
eighteen_plus,cigarette
tech,smartphone
fun,movie
food,fish
places,museum
objects,clock
objects,radio
tech,computer
actions,jump
food,bread
objects,backpack
eighteen_plus,intimate
actions,draw
tech,mouse
fun,party
animals,cat
emotions,calm
places,zoo
eighteen_plus,kiss
places,church
fun,party
emotions,bored
food,apple
food,bread
places,school
tech,drone
emotions,sad
people,firefighter
tech,drone
objects,umbrella
sports,golf
people,chef
people,politician
animals,rabbit
objects,clock
objects,clock
places,station
eighteen_plus,desire
places,palace
food,onion
people,actor
fun,movie
tech,software
tech,server
sports,tennis
tech,router
emotions,jealous
emotions,excited
fun,puzzle
sports,skating
animals,lion
tech,wifi
eighteen_plus,seduce
sports,surfing
animals,rabbit
places,restaurant
sports,surfing
eighteen_plus,romance
tech,usb
animals,bear
tech,charger
sports,tennis
actions,write
objects,pen
tech,robot
tech,server
people,pilot
tech,keyboard
food,sushi
actions,jump
emotions,tired
animals,fox
emotions,tired
fun,festival
animals,elephant
tech,camera
emotions,excited
fun,trick
sports,hockey
fun,karaoke
emotions,nervous
actions,swim
places,garden
places,bridge
animals,fox
animals,cat
people,writer
people,chef
objects,wallet
tech,speaker
objects,mirror
actions,sing
food,yogurt
objects,chair
emotions,happy
sports,fencing
fun,mystery
emotions,happy
eighteen_plus,affair
animals,sheep
emotions,excited
emotions,proud
objects,bottle
animals,eagle
emotions,bored
objects,watch
eighteen_plus,hangover
emotions,nervous
food,chocolate
food,fish
places,school
emotions,confused
food,onion
emotions,confused
tech,usb
food,carrot
people,doctor
sports,cycling
objects,laptop
people,farmer
people,chef
actions,listen
food,steak
objects,mirror
sports,boxing
objects,phone
tech,battery
actions,dance
food,sushi
eighteen_plus,kiss
animals,fox
fun,quiz
places,cafe
eighteen_plus,kiss
actions,laugh
actions,sing
actions,cook
people,politician
tech,usb
eighteen_plus,gambling
eighteen_plus,desire
objects,key
food,onion
objects,laptop
food,banana
tech,tablet
eighteen_plus,lust
fun,show
fun,festival
tech,microphone
fun,dance
food,potato
food,pepper
tech,speaker
places,zoo
tech,router
fun,party
animals,dog
animals,whale
food,banana
tech,software
eighteen_plus,kiss
actions,fight
tech,printer
sports,volleyball
food,egg
sports,fencing
tech,software
places,station
tech,camera
emotions,scared
actions,run
actions,dance
eighteen_plus,seduce
emotions,nervous
places,zoo
places,school
actions,walk
tech,mouse
animals,cow
eighteen_plus,adult
fun,adventure
fun,quiz
objects,phone
objects,radio
places,cinema
eighteen_plus,hangover
food,pizza
tech,computer
fun,festival
objects,mirror
eighteen_plus,secret
places,park
emotions,nervous
eighteen_plus,nudity
eighteen_plus,secret
places,park
tech,smartphone
tech,router
people,politician
tech,server
eighteen_plus,adult
tech,smartphone
objects,wallet
objects,umbrella
emotions,nervous
food,pepper
food,burger
places,stadium
actions,dance
objects,radio
eighteen_plus,hangover
places,palace
tech,charger
sports,rowing
emotions,nervous
sports,wrestling
people,manager
places,hospital
emotions,proud
emotions,tired
people,engineer
food,onion
emotions,happy
eighteen_plus,lust
places,zoo
emotions,hopeful
sports,volleyball
animals,whale
people,firefighter
food,egg
actions,laugh
emotions,excited
sports,volleyball
fun,costume
sports,fencing
places,hotel
animals,tiger
emotions,happy
fun,comedy
emotions,tired
places,market
animals,dolphin
sports,wrestling
actions,talk
actions,sleep
fun,game
animals,elephant
emotions,angry
eighteen_plus,hangover
eighteen_plus,hangover
people,politician
sports,tennis
tech,usb
fun,movie
fun,festival
objects,chair
actions,read
sports,swimming
places,school
people,scientist
emotions,relaxed
food,chocolate
objects,umbrella
people,musician
animals,fox
tech,software
people,student
sports,volleyball
fun,prank
animals,fox
emotions,bored
sports,cycling
sports,tennis
people,lawyer
objects,backpack
eighteen_plus,secret
actions,write
sports,golf
people,nurse
actions,laugh
people,doctor
objects,camera
eighteen_plus,desire
sports,fencing
places,stadium
sports,cycling
eighteen_plus,tattoo
fun,party
places,airport
objects,clock
tech,battery
actions,draw
places,church
food,cheese
animals,dolphin
fun,festival
fun,puzzle
places,museum
people,scientist
places,tower
eighteen_plus,gambling
actions,read
emotions,proud
sports,football
sports,hockey
emotions,embarrassed
objects,glasses
eighteen_plus,alcohol
emotions,angry
food,egg
sports,golf
people,pilot
objects,camera
animals,cat
places,airport
sports,surfing
tech,speaker
animals,dolphin
food,pizza
objects,glasses
actions,paint
people,dancer
people,musician
people,engineer
objects,door
animals,snake
emotions,relaxed
tech,drone
tech,mouse
places,park
people,musician
objects,book
food,pepper
actions,draw
eighteen_plus,condom
objects,camera
sports,rugby
food,rice
objects,chair
actions,draw
eighteen_plus,lust
actions,drive
fun,costume
tech,camera
people,writer
food,banana
animals,horse
places,cinema
places,station
actions,sleep
sports,archery
people,teacher
fun,party
food,banana
animals,lion
places,school
food,cheese
tech,printer
tech,server
eighteen_plus,affair
fun,movie
food,apple
animals,cat
objects,door
people,soldier
actions,jump
emotions,hopeful
fun,quiz
sports,fencing
food,cheese
actions,swim
animals,whale
people,musician
tech,router
actions,catch
objects,clock
animals,tiger
fun,circus
fun,joke
tech,keyboard
objects,glasses
objects,backpack
emotions,confused
actions,climb
food,fish
food,burger
sports,hockey
fun,party
tech,tablet
actions,walk
food,sushi
sports,fencing
sports,wrestling
places,cinema
objects,camera
objects,mirror
animals,cow
fun,festival
eighteen_plus,romance
food,pepper
objects,laptop
actions,walk
eighteen_plus,desire
eighteen_plus,seduce
places,beach
objects,table
animals,shark
objects,watch
tech,tablet
actions,swim
objects,book
fun,joke
fun,trick
sports,wrestling
sports,rugby
actions,cook
sports,baseball
actions,dance
tech,wifi
food,onion
tech,computer
eighteen_plus,gambling
sports,wrestling
actions,draw
places,airport
eighteen_plus,secret
objects,glasses
objects,camera
food,burger
objects,chair
emotions,embarrassed
objects,glasses
places,station
food,egg
sports,archery
animals,dolphin
people,lawyer
objects,clock
places,tower
eighteen_plus,secret
food,salad
food,bread
animals,cow
objects,pen
eighteen_plus,romance
tech,smartphone
fun,comedy
food,potato
animals,elephant
food,yogurt
tech,wifi
objects,laptop
sports,rugby
people,soldier
animals,tiger
tech,hardware
places,garden
places,airport
people,dancer
food,chocolate
places,stadium
animals,dolphin
tech,router
fun,joke
eighteen_plus,kiss
actions,jump
emotions,excited
emotions,excited
sports,rowing
animals,snake
tech,drone
tech,battery
actions,drive
places,zoo
objects,radio
eighteen_plus,condom
emotions,tired
eighteen_plus,hangover
fun,movie
people,teacher
food,carrot
sports,climbing
actions,laugh
animals,eagle
objects,umbrella
food,burger
tech,smartphone
tech,server
animals,dog
fun,magic
sports,volleyball
sports,skiing
sports,swimming
places,tower
tech,computer
actions,listen
tech,software
animals,rabbit
food,pasta
actions,laugh
emotions,angry
food,pasta
animals,whale
animals,chicken
sports,fencing
people,student
food,bread
sports,basketball
fun,comedy
actions,draw
food,bread
objects,key
places,cafe
fun,prank
objects,laptop
emotions,sad
animals,sheep
eighteen_plus,stripclub
people,artist
animals,dolphin
eighteen_plus,drunk
animals,chicken
eighteen_plus,intimate
eighteen_plus,seduce
people,scientist
food,carrot
objects,key
objects,glasses
places,restaurant
people,doctor
eighteen_plus,nudity
actions,paint
emotions,bored
tech,charger
tech,usb
objects,table
sports,skiing
animals,goat
actions,paint
sports,cricket
eighteen_plus,tattoo
places,restaurant
objects,backpack
food,onion
objects,key
objects,chair
food,fish
people,nurse
animals,horse
food,tomato
places,market
emotions,relaxed
sports,hockey
food,tomato
sports,tennis
animals,chicken
emotions,hopeful
animals,owl
places,hotel
food,apple
fun,game
people,artist
tech,battery
places,hospital
animals,owl
sports,football
tech,router
food,bread
emotions,surprised
objects,mirror
eighteen_plus,flirt
sports,football
emotions,excited
objects,mirror
sports,rugby
animals,dolphin
fun,circus
actions,swim
places,zoo
objects,book
food,rice
objects,pen
objects,glasses
places,church
objects,camera
actions,throw
eighteen_plus,affair
people,lawyer
people,nurse
food,tomato
animals,chicken
actions,fight
places,stadium
actions,laugh
places,market
food,onion
sports,baseball
people,musician
sports,skiing
sports,tennis
objects,watch
people,doctor
tech,mouse
people,musician
food,banana
animals,dolphin
actions,sing
tech,robot
actions,cook
food,sushi
food,egg
animals,eagle
tech,smartphone
places,restaurant
people,driver
eighteen_plus,intimate
food,pasta
tech,drone
places,library
emotions,relaxed
places,beach
tech,charger
places,museum
tech,drone
animals,lion
people,lawyer
emotions,lonely
eighteen_plus,condom
actions,run
food,onion
emotions,curious
animals,chicken
objects,key
places,stadium
food,salad
animals,tiger
eighteen_plus,adult
tech,smartphone
fun,circus
tech,computer
actions,talk
eighteen_plus,secret
eighteen_plus,nudity
food,steak
objects,radio
sports,hockey
food,cheese
fun,show
fun,festival
sports,volleyball
emotions,happy
actions,fight
people,artist
people,lawyer
food,pizza
objects,phone
tech,drone
emotions,curious
eighteen_plus,seduce
tech,speaker
food,pizza
tech,charger
people,doctor
people,teacher
eighteen_plus,romance
food,rice
sports,tennis
sports,rowing
food,salad
people,chef
sports,cricket
people,artist
tech,speaker
emotions,angry
people,scientist
tech,charger
animals,whale
tech,drone
sports,surfing
objects,key
actions,cook
fun,clown
actions,walk
sports,cycling
people,manager
sports,archery
animals,sheep
emotions,sad
emotions,sad
tech,printer
emotions,anxious
sports,climbing
food,pepper
actions,fight
people,lawyer
places,cinema
sports,skating
places,beach
eighteen_plus,secret
animals,sheep
fun,clown
people,doctor
food,salad
emotions,grateful
emotions,hopeful
people,farmer
food,burger
emotions,tired
people,doctor
people,firefighter
food,apple
emotions,grateful
fun,game
eighteen_plus,gambling
people,manager
tech,computer
objects,window
tech,battery
fun,game
fun,game
emotions,excited
tech,wifi
fun,game
emotions,lonely
sports,skiing
emotions,confused
eighteen_plus,lust
emotions,surprised
eighteen_plus,romance
people,chef
fun,party
animals,eagle
objects,chair
people,driver
fun,mystery
places,hotel
food,pepper
people,pilot
tech,usb
objects,key
eighteen_plus,romance
places,beach
eighteen_plus,stripclub
actions,cook
emotions,jealous
people,actor
fun,magic
fun,party
actions,drive
food,potato
objects,camera
tech,hardware
eighteen_plus,stripclub
fun,puzzle
people,engineer
eighteen_plus,secret
places,station
sports,skating
eighteen_plus,lust
actions,write
tech,speaker
fun,circus
sports,rugby
actions,fight
fun,show
people,engineer
tech,hardware
actions,drive
food,bread
objects,laptop
places,stadium
actions,walk
tech,charger
fun,puzzle
fun,show
fun,adventure
eighteen_plus,tattoo
eighteen_plus,secret
sports,climbing
fun,karaoke
sports,skiing
animals,cat
sports,basketball
emotions,surprised
food,tomato
objects,backpack
emotions,lonely
fun,adventure
eighteen_plus,seduce
eighteen_plus,cigarette
sports,wrestling
objects,clock
sports,boxing
places,market
eighteen_plus,cigarette
tech,mouse
people,lawyer
food,salad
sports,archery
tech,wifi
eighteen_plus,tattoo
tech,robot
sports,rowing
eighteen_plus,alcohol
emotions,anxious
places,palace
tech,keyboard
people,artist
food,yogurt
food,steak
emotions,anxious
fun,party
eighteen_plus,tattoo
emotions,excited
actions,listen
actions,listen
places,church
people,chef
fun,party
objects,window
actions,talk
fun,show
eighteen_plus,drunk
animals,tiger
actions,talk
emotions,happy
animals,dolphin
places,bridge
food,carrot
actions,read
objects,umbrella
eighteen_plus,lust
people,writer
tech,printer
objects,backpack
food,pasta
tech,software
tech,server
actions,dance
sports,swimming
tech,robot
eighteen_plus,cigarette
objects,bottle
tech,computer
sports,hockey
food,burger
eighteen_plus,nudity
animals,tiger
food,rice
animals,owl
sports,rugby
places,cafe
people,firefighter
actions,catch
tech,speaker
animals,goat
eighteen_plus,kiss
tech,wifi
food,chocolate
people,soldier
emotions,angry
emotions,anxious
fun,clown
animals,cat
food,potato
people,lawyer
tech,battery
emotions,surprised
people,actor
animals,rabbit
fun,quiz
people,teacher
sports,basketball
food,burger
fun,puzzle
places,beach
actions,cook
sports,skiing
actions,catch
emotions,calm
people,manager
sports,surfing
tech,server
places,tower
people,writer
eighteen_plus,nudity
eighteen_plus,fetish
food,carrot
emotions,confused
actions,sleep
food,pasta
emotions,relaxed
fun,movie
people,writer
fun,trick
sports,boxing
objects,key
tech,tablet
actions,listen
people,firefighter
objects,phone
animals,rabbit
emotions,calm
actions,sing
food,fish
actions,throw
places,school
animals,cow
food,banana
animals,cow
emotions,calm
eighteen_plus,desire
fun,adventure
animals,lion
tech,smartphone
food,apple
people,actor
people,engineer
sports,surfing
sports,baseball
actions,walk
food,pizza
people,farmer
sports,surfing
sports,boxing
tech,microphone
people,driver
sports,golf
tech,computer
places,cafe
places,zoo
objects,table
food,yogurt
places,cafe
actions,run
sports,climbing
tech,software
animals,cow
food,sushi
emotions,jealous
objects,camera
people,scientist
actions,read
places,tower
places,stadium
people,farmer
places,library
animals,lion
sports,cricket
places,stadium
fun,trick
eighteen_plus,condom
eighteen_plus,nudity
food,cheese
sports,basketball
animals,chicken
fun,trick
fun,mystery
fun,adventure
objects,watch
sports,skating
sports,baseball
sports,hockey
objects,backpack
people,artist
food,salad
emotions,jealous
eighteen_plus,cigarette
people,teacher
sports,volleyball
objects,pen
eighteen_plus,seduce
animals,bear
actions,fight
tech,speaker
objects,pen
food,burger
tech,server
emotions,sad
food,chocolate
sports,golf
food,pepper
tech,tablet
actions,drive
sports,rowing
objects,book
food,tomato
animals,owl
fun,costume
people,manager
emotions,scared
food,steak
fun,movie
objects,glasses
people,lawyer
animals,cat
fun,trick
sports,swimming
animals,dog
objects,key
people,scientist
animals,elephant
actions,read
places,bridge
emotions,scared
emotions,jealous
eighteen_plus,fetish
objects,radio
actions,write
fun,show
fun,party
eighteen_plus,cigarette
animals,cat
actions,climb
objects,laptop
objects,chair
actions,draw
actions,cook
food,egg
tech,usb
eighteen_plus,condom
fun,comedy
sports,cricket
objects,bottle
sports,tennis
people,soldier
sports,surfing
places,airport
animals,bear
food,fish
objects,clock
actions,sing
actions,run
animals,shark
eighteen_plus,flirt
food,tomato
food,pepper
places,market
fun,puzzle
fun,comedy
eighteen_plus,lust
food,steak
eighteen_plus,cigarette
food,fish
sports,skiing
food,banana
places,bridge
emotions,happy
tech,wifi
eighteen_plus,affair
eighteen_plus,cigarette
tech,monitor
emotions,sad
actions,drive
fun,dance
tech,server
objects,chair
places,airport
eighteen_plus,condom
people,artist
actions,drive
eighteen_plus,fetish
animals,elephant
tech,usb
sports,skating
objects,window
people,writer
places,stadium
people,lawyer
places,hospital
sports,rowing
food,apple
places,tower
animals,whale
actions,dance
people,writer
objects,phone
fun,costume
places,library
tech,wifi
animals,dog
people,teacher
people,soldier
eighteen_plus,stripclub
fun,costume
fun,dance
fun,circus
people,doctor
actions,sing
places,library
food,sushi
sports,boxing
animals,snake
objects,phone
eighteen_plus,adult
animals,tiger
people,musician
actions,drive
objects,mirror
fun,party
actions,climb
objects,door
emotions,lonely
fun,clown
actions,catch
animals,snake
food,tomato
eighteen_plus,gambling
objects,lamp
objects,table
food,cheese
people,manager
tech,robot
emotions,grateful
eighteen_plus,cigarette
animals,dolphin
emotions,curious
food,salad
animals,chicken
emotions,proud
actions,swim
food,egg
places,hotel
emotions,hopeful
actions,throw
sports,boxing
actions,paint
tech,server
places,cinema
actions,drive
emotions,jealous
animals,cat
food,steak
tech,microphone
food,onion
objects,pen
animals,elephant
eighteen_plus,fetish
actions,read
people,musician
objects,lamp
people,farmer
objects,bottle
tech,software
food,chocolate
animals,eagle
objects,chair
places,museum
actions,sleep
fun,mystery
animals,wolf
fun,circus
tech,keyboard
eighteen_plus,alcohol
places,museum
sports,surfing
people,lawyer
objects,door
places,restaurant
places,tower
people,engineer
objects,glasses
places,church
tech,microphone
animals,whale
objects,table
sports,cricket
food,sushi
places,restaurant
objects,camera
fun,festival
actions,throw
sports,archery
sports,football
objects,chair
animals,cow
sports,baseball
actions,climb
people,engineer
tech,computer
people,farmer
tech,monitor
emotions,bored
animals,dolphin
emotions,sad
tech,usb
eighteen_plus,nudity
people,scientist
sports,golf
food,sushi
emotions,nervous
fun,puzzle
emotions,grateful
actions,read
places,park
fun,movie
actions,sleep
people,pilot
people,lawyer
food,carrot
tech,usb
sports,rugby
eighteen_plus,desire
people,farmer
fun,dance
emotions,embarrassed
sports,rugby
fun,comedy
people,driver
food,potato
fun,clown
tech,microphone
eighteen_plus,romance
eighteen_plus,tattoo
eighteen_plus,kiss
sports,climbing
sports,skiing
food,yogurt
food,steak
actions,climb
fun,clown
animals,dog
objects,backpack
fun,prank
emotions,happy
tech,drone
animals,wolf
food,pepper
sports,baseball
actions,sing
objects,window
emotions,embarrassed
objects,umbrella
eighteen_plus,condom
actions,walk
people,farmer
sports,archery
sports,skiing
animals,dog
eighteen_plus,romance
animals,bear
eighteen_plus,alcohol
food,chocolate
emotions,relaxed
eighteen_plus,stripclub
objects,mirror
eighteen_plus,gambling
emotions,scared
people,driver
actions,walk
animals,cow
tech,router
eighteen_plus,tattoo
emotions,calm
places,library
emotions,confused
fun,prank
emotions,scared
tech,drone
food,carrot
animals,wolf
objects,window
sports,climbing
animals,bear
actions,write
fun,clown
people,doctor
food,rice
eighteen_plus,romance
objects,backpack
eighteen_plus,tattoo
people,nurse
sports,golf
animals,lion
eighteen_plus,fetish
people,farmer
fun,circus
fun,circus
places,library
objects,bottle
eighteen_plus,alcohol
animals,fox
food,chocolate
fun,party
food,pepper
people,student
people,manager
animals,elephant
tech,tablet
animals,chicken
objects,wallet
tech,smartphone
people,nurse
food,potato
food,bread
fun,puzzle
animals,goat
emotions,confused
animals,owl
actions,paint
places,park
people,nurse
animals,goat
food,yogurt
actions,read
people,manager
sports,rowing
food,tomato
animals,eagle
people,firefighter
places,hospital
objects,lamp
food,onion
fun,dance
people,manager
places,hotel
food,yogurt
emotions,anxious
emotions,lonely
fun,mystery
fun,circus
sports,rowing
eighteen_plus,romance
eighteen_plus,romance
emotions,scared
food,banana
sports,rowing
fun,festival
actions,walk
emotions,relaxed
animals,sheep
tech,keyboard
eighteen_plus,gambling
eighteen_plus,secret
animals,bear
fun,clown
animals,tiger
objects,glasses
emotions,bored
animals,dolphin
actions,write
tech,battery
tech,battery
fun,quiz
objects,watch
eighteen_plus,tattoo
tech,keyboard
eighteen_plus,drunk
tech,hardware
fun,prank
places,park
food,steak
objects,umbrella
food,burger
sports,archery
objects,backpack
food,tomato
fun,game
people,teacher
animals,cow
tech,software
eighteen_plus,stripclub
objects,glasses
actions,draw
places,market
objects,watch
fun,adventure
tech,tablet
tech,robot
places,garden
actions,catch
emotions,anxious
fun,movie
sports,cycling
objects,door
people,driver
objects,wallet
sports,boxing
people,student
sports,rowing
sports,skating
places,garden
fun,puzzle
eighteen_plus,tattoo
eighteen_plus,drunk
sports,fencing
food,cheese
emotions,proud
emotions,grateful
actions,run
emotions,nervous
actions,fight
people,teacher
objects,door
emotions,calm
emotions,excited
fun,puzzle
fun,dance
people,pilot
people,chef
actions,throw
objects,table
tech,smartphone
food,rice
sports,swimming
objects,mirror
places,palace
sports,boxing
fun,comedy
food,pasta
eighteen_plus,gambling
emotions,sad
sports,baseball
emotions,lonely
people,farmer
animals,cat
tech,speaker
food,pepper
places,bridge
objects,backpack
people,actor
food,cheese
fun,circus
sports,tennis
tech,server
food,egg
places,school
people,chef
tech,charger
food,apple
sports,surfing
actions,jump
people,scientist
sports,cricket
tech,camera
tech,robot
animals,tiger
places,beach
animals,snake
actions,swim
fun,quiz
emotions,grateful
fun,karaoke
tech,keyboard
tech,router
sports,cricket
eighteen_plus,hangover
tech,microphone
places,zoo
food,apple
emotions,anxious
objects,book
food,egg
eighteen_plus,intimate
people,farmer
animals,fox
food,carrot
emotions,calm
people,musician
people,scientist
emotions,calm
emotions,curious
fun,prank
sports,rugby
people,firefighter
fun,magic
eighteen_plus,seduce
sports,surfing
animals,whale
sports,surfing
animals,cat
food,fish
people,engineer
places,park
emotions,surprised
animals,owl
sports,basketball
sports,tennis
food,salad
fun,comedy
fun,costume
actions,talk
eighteen_plus,seduce
eighteen_plus,alcohol
tech,camera
eighteen_plus,affair
eighteen_plus,affair
food,pasta
places,hospital
fun,game
places,park
sports,basketball
fun,prank
fun,costume
sports,volleyball
people,teacher
sports,baseball
animals,cow
people,soldier
animals,lion
emotions,curious
animals,whale
eighteen_plus,adult
fun,trick
eighteen_plus,stripclub
tech,software
tech,server
sports,volleyball
people,manager
people,driver
animals,horse
animals,lion
places,hospital
food,steak
animals,dolphin
eighteen_plus,nudity
objects,laptop
sports,baseball
animals,wolf
objects,glasses
emotions,nervous
sports,baseball
places,market
sports,tennis
animals,bear
eighteen_plus,kiss
food,banana
actions,dance
tech,drone
actions,fight
eighteen_plus,alcohol
food,egg
objects,backpack
actions,jump
sports,boxing
fun,movie
actions,listen
people,driver
people,driver
people,manager
people,farmer
people,artist
actions,dance
tech,keyboard
sports,golf
sports,fencing
emotions,curious
fun,game
objects,key
objects,door
tech,microphone
animals,sheep
eighteen_plus,stripclub
places,restaurant
objects,backpack
animals,whale
objects,radio
emotions,angry
food,potato
emotions,angry
objects,umbrella
emotions,bored
places,airport
tech,microphone
sports,rugby
tech,speaker
food,potato
objects,laptop
animals,eagle
sports,rugby
people,pilot
animals,dolphin
eighteen_plus,cigarette
people,student
food,bread
emotions,nervous
eighteen_plus,cigarette
people,farmer
places,hospital
sports,fencing
eighteen_plus,intimate
eighteen_plus,seduce
sports,skiing
animals,dog
objects,radio
actions,talk
actions,laugh
people,driver
eighteen_plus,kiss
emotions,tired
people,teacher
food,fish
actions,draw
sports,football
people,student
emotions,calm
objects,backpack
animals,dog
people,scientist
actions,jump
eighteen_plus,adult
animals,wolf
places,cafe
sports,cricket
emotions,grateful
places,church
eighteen_plus,affair
tech,tablet
eighteen_plus,nudity
animals,shark
emotions,lonely
emotions,hopeful
tech,computer
food,salad
tech,robot
eighteen_plus,hangover
animals,owl
objects,glasses
fun,comedy
actions,swim
eighteen_plus,desire
emotions,excited
objects,backpack
food,cheese
food,apple
fun,trick
eighteen_plus,kiss
places,station
places,station
people,writer
actions,walk
animals,cow
places,hospital
emotions,bored
fun,game
fun,movie
objects,lamp
objects,umbrella
actions,jump
emotions,angry
objects,clock
objects,umbrella
tech,mouse
fun,karaoke
eighteen_plus,gambling
animals,horse
fun,game
fun,magic
animals,elephant
sports,climbing
sports,rugby
actions,climb
actions,climb
fun,joke
places,station
places,library
sports,archery
actions,listen
animals,tiger
sports,football
animals,snake
eighteen_plus,stripclub
tech,charger
food,salad
objects,phone
actions,talk
people,scientist
emotions,grateful
food,onion
tech,printer
fun,prank
objects,door
people,farmer
places,restaurant
tech,drone
places,zoo
emotions,proud
actions,read
animals,owl
eighteen_plus,stripclub
fun,joke
eighteen_plus,intimate
sports,tennis
people,engineer
people,nurse
places,cinema
actions,climb
tech,printer
emotions,sad
emotions,angry
animals,eagle
eighteen_plus,condom
people,scientist
food,potato
animals,fox
people,driver
objects,camera
fun,dance
people,driver
sports,cricket
animals,wolf
eighteen_plus,drunk
animals,chicken
sports,fencing
food,tomato
eighteen_plus,flirt
actions,listen
fun,party
actions,catch
objects,mirror
people,student
tech,smartphone
fun,show
tech,hardware
people,artist
places,library
objects,clock
tech,usb
places,library
sports,baseball
eighteen_plus,condom
sports,boxing
objects,lamp
fun,adventure
actions,sing
objects,glasses
people,writer
actions,laugh
sports,archery
tech,tablet
animals,rabbit
sports,climbing
actions,sing
animals,sheep
people,actor
animals,sheep
tech,keyboard
animals,elephant
emotions,tired
actions,read
emotions,angry
animals,sheep
animals,chicken
tech,tablet
actions,sing
animals,elephant
places,station
food,onion
sports,golf
eighteen_plus,tattoo
animals,dolphin
eighteen_plus,kiss
emotions,hopeful
sports,volleyball
eighteen_plus,flirt
animals,horse
emotions,jealous
fun,clown
eighteen_plus,flirt
actions,climb
actions,talk
eighteen_plus,hangover
fun,comedy
eighteen_plus,hangover
fun,joke
food,pasta
actions,throw
actions,dance
tech,drone
tech,keyboard
fun,costume
sports,basketball
fun,costume
objects,mirror
fun,trick
fun,magic
sports,fencing
actions,climb
tech,computer
sports,rugby
fun,festival
tech,robot
people,artist
sports,football
emotions,confused
fun,comedy
people,musician
actions,write
objects,book
actions,fight
objects,pen
sports,tennis
places,airport
food,carrot
emotions,calm
emotions,embarrassed
food,burger
eighteen_plus,lust
actions,cook
places,museum
places,station
sports,fencing
people,actor
tech,robot
emotions,relaxed
food,apple
emotions,anxious
eighteen_plus,stripclub
tech,battery
actions,sing
fun,adventure
places,hospital
fun,joke
animals,shark
tech,computer
food,tomato
objects,bottle
people,firefighter
sports,football
objects,lamp
animals,tiger
food,pizza
actions,sing
animals,dog
emotions,happy
people,engineer
people,musician
people,politician
places,museum
people,artist
eighteen_plus,drunk
fun,costume
objects,pen
objects,window
tech,drone
emotions,proud
eighteen_plus,alcohol
places,hotel
sports,football
fun,circus
emotions,jealous
food,chocolate
eighteen_plus,intimate
people,politician
objects,window
objects,window
sports,skating
eighteen_plus,cigarette
actions,write
objects,clock
objects,backpack
actions,run
places,cafe
food,sushi
tech,mouse
eighteen_plus,fetish
food,rice
actions,jump
people,nurse
animals,shark
objects,radio
actions,jump
tech,camera
fun,show
actions,talk
emotions,tired
fun,costume
people,manager
people,chef
people,politician
people,dancer
objects,table
eighteen_plus,secret
places,library
tech,microphone
sports,volleyball
actions,sleep
people,pilot
animals,bear
objects,bottle
fun,festival
animals,tiger
tech,printer
fun,magic
people,manager
emotions,sad
sports,skating
tech,hardware
places,park
objects,table
eighteen_plus,desire
food,apple
sports,rowing
food,sushi
eighteen_plus,drunk
emotions,grateful
tech,tablet
objects,window
actions,jump
actions,write
people,lawyer
animals,owl
fun,prank
food,sushi
sports,cycling
sports,football
emotions,angry
sports,surfing
animals,lion
fun,quiz
animals,tiger
objects,bottle
fun,dance
emotions,excited
eighteen_plus,fetish
sports,climbing
eighteen_plus,tattoo
emotions,anxious
places,hotel
actions,throw
objects,pen
people,nurse
tech,hardware
people,actor
fun,game
emotions,embarrassed
places,museum
emotions,relaxed
sports,baseball
emotions,angry
fun,mystery
eighteen_plus,desire
tech,robot
objects,watch
tech,smartphone
eighteen_plus,kiss
food,egg
fun,party
places,station
actions,laugh
food,pasta
fun,festival
objects,door
sports,cycling
emotions,hopeful
objects,wallet
eighteen_plus,kiss
fun,puzzle
actions,swim
objects,chair
objects,backpack
actions,walk
people,actor
emotions,jealous
actions,cook
animals,tiger
people,farmer
people,doctor
objects,wallet
animals,dog
actions,catch
actions,sleep
food,pasta
tech,speaker
sports,football
people,chef
food,cheese
sports,wrestling
animals,shark
food,tomato
actions,walk
eighteen_plus,drunk
eighteen_plus,nudity
sports,surfing
eighteen_plus,flirt
objects,book
actions,jump
actions,throw
food,potato
people,soldier
tech,camera
actions,run
animals,dog
animals,sheep
eighteen_plus,intimate
fun,adventure
animals,shark
emotions,excited
people,pilot
objects,pen
objects,table
actions,sleep
fun,game
animals,lion
animals,owl
animals,dog
sports,volleyball
emotions,anxious
people,chef
objects,key
tech,robot
food,chocolate
sports,wrestling
fun,trick
animals,rabbit
food,apple
places,beach
actions,jump
people,chef
people,artist
tech,smartphone
places,museum
fun,show
places,hospital
eighteen_plus,gambling
emotions,confused
people,lawyer
actions,dance
animals,owl
objects,lamp
actions,read
food,pasta
actions,dance
tech,software
sports,swimming
fun,festival
sports,golf
tech,hardware
tech,usb
actions,sleep
tech,hardware
food,chocolate
animals,goat
objects,book
tech,monitor
eighteen_plus,adult
food,onion
people,pilot
food,fish
food,pasta
fun,party
emotions,bored
fun,party
actions,throw
eighteen_plus,hangover
actions,swim
emotions,relaxed
sports,skating
places,restaurant
emotions,excited
food,yogurt
animals,horse
sports,rowing
animals,sheep
animals,whale
sports,rowing
emotions,curious
food,yogurt
emotions,nervous
fun,costume
actions,fight
eighteen_plus,seduce
eighteen_plus,affair
objects,table
objects,watch
actions,cook
animals,eagle
fun,costume
places,church
animals,snake
tech,hardware
objects,pen
animals,shark
sports,cycling
food,burger
emotions,grateful
food,salad
food,pizza
objects,mirror
actions,talk
actions,throw
tech,camera
actions,cook
eighteen_plus,flirt
places,restaurant
objects,window
eighteen_plus,cigarette
animals,eagle
tech,hardware
tech,software
food,steak
eighteen_plus,fetish
animals,wolf
actions,cook
food,carrot
eighteen_plus,hangover
objects,window
tech,mouse
objects,watch
eighteen_plus,condom
places,tower
tech,tablet
objects,camera
emotions,jealous
eighteen_plus,kiss
objects,wallet
animals,dog
fun,show
sports,cycling
actions,climb
animals,elephant
eighteen_plus,tattoo
people,writer
fun,dance
eighteen_plus,tattoo
animals,whale
animals,chicken
food,onion
sports,archery
emotions,bored
food,potato
places,hospital
sports,baseball
people,engineer
places,school
sports,skiing
emotions,scared
food,pasta
places,restaurant
animals,sheep
animals,tiger
eighteen_plus,seduce
sports,cycling
animals,cow
people,doctor
food,pepper
emotions,happy
sports,archery
actions,swim
people,pilot
places,tower
eighteen_plus,gambling
places,hospital
food,sushi
tech,speaker
animals,fox
food,salad
places,bridge
animals,bear
sports,tennis
people,doctor
tech,hardware
animals,owl
places,station
people,pilot
places,park
eighteen_plus,hangover
animals,chicken
fun,adventure
food,fish
eighteen_plus,lust
objects,mirror
objects,camera
objects,table
eighteen_plus,lust
food,rice
fun,trick
actions,cook
sports,swimming
people,firefighter
emotions,happy
fun,circus
fun,prank
actions,sleep
actions,throw
places,market
emotions,nervous
places,cafe
places,park
fun,circus
fun,quiz
emotions,jealous
fun,karaoke
actions,write
places,beach
animals,fox
places,museum
actions,catch
places,hotel
sports,skiing
actions,jump
fun,magic
objects,radio
sports,swimming
fun,comedy
animals,cow
people,dancer
actions,laugh
emotions,jealous
eighteen_plus,stripclub
objects,pen
fun,show
emotions,jealous
emotions,proud
people,pilot
tech,battery
tech,server
fun,costume
animals,sheep
tech,battery
food,yogurt
objects,door
places,station
food,carrot
objects,key
eighteen_plus,drunk
people,lawyer
actions,walk
tech,wifi
eighteen_plus,alcohol
people,chef
eighteen_plus,lust
emotions,jealous
animals,snake
people,artist
food,burger
animals,rabbit
eighteen_plus,hangover
fun,joke
tech,battery
fun,clown
tech,keyboard
food,bread
objects,door
fun,costume
fun,circus
sports,cycling
objects,book
people,chef
animals,goat
objects,radio
places,tower
people,pilot
objects,watch
places,bridge
animals,sheep
animals,wolf
places,bridge
people,farmer
sports,cycling
eighteen_plus,fetish
eighteen_plus,condom
animals,chicken
animals,eagle
animals,snake
food,yogurt
eighteen_plus,nudity
emotions,curious
eighteen_plus,desire
animals,bear
places,cinema
tech,server
actions,climb
eighteen_plus,lust
actions,catch
animals,horse
objects,umbrella
animals,cat
places,palace
actions,listen
food,chocolate
objects,radio
tech,router
eighteen_plus,tattoo
eighteen_plus,affair
actions,climb
people,nurse
food,cheese
fun,joke
animals,cat
objects,key
sports,skating
people,artist
animals,owl
places,airport
food,steak
actions,throw
eighteen_plus,cigarette
animals,sheep
food,cheese
food,potato
places,hospital
places,garden
fun,comedy
people,actor
food,cheese
actions,listen
people,soldier
fun,karaoke
sports,baseball
animals,rabbit
animals,goat
objects,book
eighteen_plus,cigarette
emotions,embarrassed
places,cafe
animals,eagle
tech,drone
fun,adventure
fun,circus
people,farmer
objects,watch
places,cinema
food,sushi
tech,router
sports,cricket
food,burger
fun,show
fun,costume
actions,run
objects,key
places,hotel
animals,wolf
food,egg
animals,snake
actions,climb
actions,walk
fun,trick
actions,jump
actions,laugh
places,library
tech,drone
eighteen_plus,romance
sports,football
actions,jump
places,bridge
fun,trick
sports,wrestling
food,bread
emotions,sad
tech,camera
tech,mouse
sports,golf
places,station
places,zoo
animals,horse
animals,lion
eighteen_plus,fetish
fun,karaoke
food,tomato
food,salad
tech,smartphone
sports,fencing
sports,skating
places,market
tech,battery
eighteen_plus,gambling
people,doctor
fun,joke
food,pizza
sports,swimming
tech,router
eighteen_plus,intimate
tech,battery
emotions,bored
places,church
animals,owl
people,scientist
sports,cricket
eighteen_plus,affair
sports,football
food,pizza
tech,hardware
food,cheese
people,doctor
emotions,surprised
food,chocolate
eighteen_plus,affair
objects,lamp
animals,lion
people,nurse
fun,show
people,engineer
fun,party
food,carrot
tech,monitor
fun,mystery
people,nurse
tech,wifi
places,park
eighteen_plus,lust
places,palace
food,pizza
people,scientist
eighteen_plus,lust
emotions,relaxed
sports,rugby
actions,talk
places,beach
places,restaurant
sports,football
tech,software
food,yogurt
places,zoo
people,scientist
objects,door
sports,volleyball
places,cafe
animals,dolphin
objects,camera
food,rice
eighteen_plus,kiss
objects,door
emotions,sad
tech,drone
tech,charger
places,beach
people,student
emotions,sad
tech,microphone
animals,eagle
tech,server
animals,dolphin
animals,horse
animals,chicken
emotions,scared
places,tower
eighteen_plus,adult
tech,server
eighteen_plus,kiss
fun,magic
fun,party
tech,camera
food,pizza
actions,talk
emotions,happy
food,onion
places,bridge
sports,baseball
tech,robot
sports,hockey
fun,mystery
places,tower
emotions,confused
actions,cook
emotions,embarrassed
places,tower
emotions,sad
people,pilot
eighteen_plus,romance
fun,prank
emotions,sad
fun,circus
objects,chair
places,beach
people,manager
tech,mouse
fun,circus
emotions,scared
people,actor
actions,swim
places,tower
food,banana
animals,bear
sports,golf
eighteen_plus,desire
people,chef
people,dancer
tech,computer
objects,wallet
actions,catch
actions,sing
tech,robot
objects,glasses
people,lawyer
sports,swimming
animals,snake
animals,elephant
places,station
actions,climb
food,pizza
places,school
fun,karaoke
tech,usb
emotions,nervous
sports,wrestling
emotions,proud
food,pepper
emotions,surprised
tech,router
food,chocolate
places,airport
people,pilot
emotions,jealous
tech,router
emotions,sad
fun,clown
eighteen_plus,intimate
emotions,confused
people,actor
emotions,grateful
eighteen_plus,alcohol
places,library
fun,circus
actions,paint
places,palace
emotions,tired
places,palace
actions,draw
animals,snake
actions,paint
fun,quiz
tech,printer
people,writer
fun,circus
sports,rugby
fun,adventure
fun,movie
actions,drive
people,artist
objects,mirror
emotions,scared
people,chef
people,student
sports,rowing
eighteen_plus,romance
actions,talk
tech,camera
tech,monitor
places,airport
food,rice
animals,bear
eighteen_plus,lust
places,tower
actions,write
animals,fox
animals,wolf
emotions,curious
actions,drive
eighteen_plus,drunk
places,market
tech,battery
objects,table
animals,owl
emotions,sad
places,airport
objects,phone
eighteen_plus,secret
tech,mouse
animals,cow
people,musician
places,airport
objects,book
food,banana
tech,monitor
sports,surfing
objects,bottle
sports,surfing
eighteen_plus,cigarette
tech,battery
eighteen_plus,seduce
eighteen_plus,drunk
people,student
people,doctor
food,chocolate
people,nurse
objects,lamp
sports,surfing
sports,skating
actions,draw
tech,battery
sports,rowing
people,musician
objects,window
emotions,sad
people,artist
eighteen_plus,condom
fun,mystery
objects,watch
tech,tablet
places,beach
animals,cow
people,dancer
places,school
sports,cricket
tech,keyboard
people,chef
fun,party
objects,key
tech,hardware
people,doctor
actions,walk
fun,karaoke
sports,hockey
tech,server
places,cinema
people,actor
actions,run
sports,fencing
fun,puzzle
objects,phone
fun,puzzle
sports,volleyball
eighteen_plus,flirt
emotions,curious
people,firefighter
animals,cow
places,bridge
tech,mouse
tech,speaker
eighteen_plus,lust
eighteen_plus,condom
actions,run
objects,bottle
food,fish
fun,magic
tech,wifi
tech,software
tech,speaker
eighteen_plus,desire
sports,climbing
food,pepper
animals,owl
animals,wolf
food,steak
eighteen_plus,flirt
animals,goat
eighteen_plus,adult
emotions,angry
places,stadium
fun,karaoke
eighteen_plus,alcohol
places,cinema
objects,mirror
sports,skating
places,hotel
food,bread
places,cinema
places,tower
food,sushi
actions,swim
animals,whale
food,bread
animals,rabbit
fun,party
actions,sing
emotions,proud
fun,festival
eighteen_plus,adult
emotions,nervous
emotions,angry
people,firefighter
tech,wifi
people,firefighter
emotions,tired
food,egg
animals,lion
tech,keyboard
fun,adventure
animals,snake
people,scientist
places,stadium
fun,trick
places,cinema
tech,camera
fun,joke
fun,game
emotions,scared
food,steak
eighteen_plus,nudity
sports,boxing
tech,microphone
objects,key
emotions,embarrassed
people,nurse
places,zoo
sports,cricket
tech,router
tech,smartphone
animals,dog
people,driver
places,palace
eighteen_plus,adult
objects,bottle
animals,dolphin
objects,laptop
emotions,confused
sports,rugby
eighteen_plus,fetish
food,potato
eighteen_plus,lust
food,apple
food,apple
people,farmer
people,doctor
sports,baseball
food,tomato
places,stadium
eighteen_plus,flirt
actions,drive
eighteen_plus,romance
emotions,anxious
food,onion
actions,walk
food,yogurt
places,bridge
animals,dog
eighteen_plus,drunk
food,sushi
animals,goat
emotions,excited
animals,wolf
fun,comedy
